<beans:beans xmlns="http://www.springframework.org/schema/security"
	xmlns:beans="http://www.springframework.org/schema/beans" xmlns:xsi="http://www.w3.org/2001/XMLSchema-instance"
	xsi:schemaLocation="http://www.springframework.org/schema/beans
           http://www.springframework.org/schema/beans/spring-beans-3.0.xsd
           http://www.springframework.org/schema/security
           http://www.springframework.org/schema/security/spring-security-3.1.xsd">

	<beans:bean
		class="org.springframework.security.web.access.ExceptionTranslationFilter"
		id="exceptionTranslationFilter">
		<beans:property ref="jsfAccessDeniedHandler" name="accessDeniedHandler" />
		<beans:property ref="authenticationEntryPoint" name="authenticationEntryPoint" />
	</beans:bean>

	<beans:bean class="com.SiteGTS.security.JsfAccessDeniedHandler"
		id="jsfAccessDeniedHandler">
		<beans:property name="loginPath" value="/AcessoNegado.xhtml" />
		<beans:property name="contextRelative" value="true" />
	</beans:bean>


	<beans:bean class="com.SiteGTS.security.JsfLoginUrlAuthenticationEntryPoint"
		id="authenticationEntryPoint">
		<beans:property name="loginFormUrl" value="/Login.xhtml" />
		<beans:property ref="jsfRedirectStrategy" name="redirectStrategy" />
	</beans:bean>

	<beans:bean class="com.SiteGTS.security.JsfRedirectStrategy"
		id="jsfRedirectStrategy" />

	<beans:bean id="appUserDetailsService" class="com.SiteGTS.security.AppUserDetailsService" />

	<http pattern="/javax.faces.resource/**" security="none" />
	<http pattern="/Login.xhtml" security="none" />
	<http pattern="/Erro.xhtml" security="none" />

	<http auto-config="false" use-expressions="true">
		<custom-filter ref="exceptionTranslationFilter" before="FILTER_SECURITY_INTERCEPTOR" />
		
		<intercept-url pattern="/Home.xhtml" access="isAuthenticated()" />
		<intercept-url pattern="/AcessoNegado.xhtml" access="isAuthenticated()" />
		
		<intercept-url pattern="/usuarios/**" access="hasAnyRole('ADMINISTRADOR')"/>
		<intercept-url pattern="/clientes/**" access="hasAnyRole('SUPORTE', 'ADMINISTRADOR')" />
		<intercept-url pattern="/chaves/**" access="hasAnyRole('SUPORTE', 'ADMINISTRADOR')" />
		
		<intercept-url pattern="/**" access="isAuthenticated()" />

		<form-login login-page="/Login.xhtml" default-target-url="/"
			always-use-default-target="true" authentication-failure-url="/Login.xhtml?invalid=true" />

		<logout logout-url="/j_spring_security_logout"
			invalidate-session="true" />
	</http>

	<authentication-manager>
		<authentication-provider user-service-ref="appUserDetailsService">
			 <password-encoder hash="md5" /> 
		</authentication-provider>
	</authentication-manager>

</beans:beans>
