<?xml version="1.0" encoding="UTF-8"?>
<!DOCTYPE log4j:configuration SYSTEM "log4j.dtd">
<log4j:configuration xmlns:log4j="http://jakarta.apache.org/log4j/">
	
	<appender name="console" class="org.apache.log4j.ConsoleAppender">
		<param name="Target" value="System.out" />
		<layout class="org.apache.log4j.PatternLayout">
			<param name="ConversionPattern" value="%d %-5p [%c] %m%n" />
		</layout>
	</appender>

	<appender name="arquivo" class="org.apache.log4j.DailyRollingFileAppender">
		<param name="file" value="${catalina.home}/logs/pedido-venda.log" />
		<param name="datePattern" value="'.'yyyy-MM-dd" />
		<param name="append" value="true" />
		<layout class="org.apache.log4j.PatternLayout">
			<param name="ConversionPattern" value="%d %-5p [%c] %m%n" />
		</layout>
	</appender>

	<root>
		<priority value="info" />
		<appender-ref ref="arquivo" />
		<appender-ref ref="console" />
	</root>

</log4j:configuration>